测试板号：,{{ceshibanhao}},,,,,
通道,ch1,ch2,ch3,ch4,,
目标增益(V),{{mubiaozengyi1}},{{mubiaozengyi2}},{{mubiaozengyi3}},{{mubiaozengyi4}},,
实际增益(V),{{shijizengyi1}},{{shijizengyi2}},{{shijizengyi3}},{{shijizengyi4}},,
增益码值,{{shijimazhi1}},{{shijimazhi2}},{{shijimazhi3}},{{shijimazhi4}},,
目标偏置(V),{{mubiaopianzhi1}},{{mubiaopianzhi2}},{{mubiaopianzhi3}},{{mubiaopianzhi4}},,
实际偏置(V),{{shijipianzhi1}},{{shijipianzhi2}},{{shijipianzhi3}},{{shijipianzhi4}},,
偏置码值,{{pianzhimazhi1}},{{pianzhimazhi2}},{{pianzhimazhi3}},{{pianzhimazhi4}},,
DNL_MAX(LSB),{{DNL_MAX1}},{{DNL_MAX2}},{{DNL_MAX3}},{{DNL_MAX4}},,
INL_MAX(LSB),{{INL_MAX1}},{{INL_MAX2}},{{INL_MAX3}},{{INL_MAX4}},,
,,,,,,
上升时间,ch1,ch2,ch3,ch4,,
DAC直接输出（ns）,{{DACzhijieshuchu_11}},{{DACzhijieshuchu_12}},{{DACzhijieshuchu_13}},{{DACzhijieshuchu_14}},,
DAC接后端（ns）,{{DACjiehouduan_11}},{{DACjiehouduan_12}},{{DACjiehouduan_13}},{{DACjiehouduan_14}},,
,,,,,,
,,,,,,
,,,,,,
,,,,,,
,,,,,,
-3dB频点@0dBFS,ch1,ch2,ch3,ch4,,
DAC直接输出（MHz）,{{DACzhijieshuchu_21}},{{DACzhijieshuchu_22}},{{DACzhijieshuchu_23}},{{DACzhijieshuchu_24}},,
DAC接后端（MHz）,{{DACjiehouduan_21}},{{DACjiehouduan_22}},{{DACjiehouduan_23}},{{DACjiehouduan_24}},,
,,,,,,
-3dB频点@-3dBFS,ch1,ch2,ch3,ch4,,
DAC直接输出（MHz）,{{DACzhijieshuchu_31}},{{DACzhijieshuchu_32}},{{DACzhijieshuchu_33}},{{DACzhijieshuchu_34}},,
DAC接后端（MHz）,{{DACjiehouduan_31}},{{DACjiehouduan_32}},{{DACjiehouduan_33}},{{DACjiehouduan_34}},,
,,,,,,
-3dB频点@-6dBFS,ch1,ch2,ch3,ch4,,
DAC直接输出（MHz）,{{DACzhijieshuchu_41}},{{DACzhijieshuchu_42}},{{DACzhijieshuchu_43}},{{DACzhijieshuchu_44}},,
DAC接后端（MHz）,{{DACjiehouduan_41}},{{DACjiehouduan_42}},{{DACjiehouduan_43}},{{DACjiehouduan_44}},,
,,,,,,
-3dB频点@-9dBFS,ch1,ch2,ch3,ch4,,
DAC直接输出（MHz）,{{DACzhijieshuchu_51}},{{DACzhijieshuchu_52}},{{DACzhijieshuchu_53}},{{DACzhijieshuchu_54}},,
DAC接后端（MHz）,{{DACjiehouduan_51}},{{DACjiehouduan_52}},{{DACjiehouduan_53}},{{DACjiehouduan_54}},,
,,,,,,
,,,,,,
,ch1,ch2 ,ch3,ch4,,
SNR,{{SNR1}},{{SNR2}},{{SNR3}},{{SNR4}},,
ENOB,{{ENOB1}},{{ENOB2}},{{ENOB3}},{{ENOB4}},,
THD,{{THD1}},{{THD2}},{{THD3}},{{THD4}},,
SINAD,{{SINAD1}},{{SINAD2}},{{SINAD3}},{{SINAD4}},,
,,,,,,
,,,,,,
,,,,,,
备注：DAC接后端表示接1GHz自制滤波器和差分放大器,,,,,,
,,,,,,
,,,,,,
,,,,,,
,,,,,,
